condition,outcome,ate
Consensus,behavior_mean,0.8
Consensus,belief_post,4.6
Consensus,concern_mean,2
Consensus,distrust_post,-2.6
Consensus,donation_ams,0.07
Consensus,funding_perceptions,1.35
Consensus,inst_trust_mean,0.95
Consensus,newsletter_signup,0.0075
Consensus,policy_general,1.75
Consensus,policy_role_mean,1.9
Consensus,policy_specific_mean,1.3
Consensus,trust_multidimensional,2.75
Consensus,trust_post,3
Corporate reliance,behavior_mean,0.6
Corporate reliance,belief_post,1.75
Corporate reliance,concern_mean,1.4
Corporate reliance,distrust_post,-2.65
Corporate reliance,donation_ams,0.06
Corporate reliance,funding_perceptions,1.2
Corporate reliance,inst_trust_mean,1.2
Corporate reliance,newsletter_signup,0.0085
Corporate reliance,policy_general,1.2
Corporate reliance,policy_role_mean,2
Corporate reliance,policy_specific_mean,0.95
Corporate reliance,trust_multidimensional,2.65
Corporate reliance,trust_post,2.7
Extreme weather predictions,behavior_mean,0.65
Extreme weather predictions,belief_post,0.95
Extreme weather predictions,concern_mean,1.7
Extreme weather predictions,distrust_post,-2.85
Extreme weather predictions,donation_ams,0.25
Extreme weather predictions,funding_perceptions,2.3499999999999996
Extreme weather predictions,inst_trust_mean,1.85
Extreme weather predictions,newsletter_signup,0.0125
Extreme weather predictions,policy_general,1.3
Extreme weather predictions,policy_role_mean,2.3
Extreme weather predictions,policy_specific_mean,0.9
Extreme weather predictions,trust_multidimensional,3.15
Extreme weather predictions,trust_post,3.25
Former skeptics,behavior_mean,0.9
Former skeptics,belief_post,2.7
Former skeptics,concern_mean,2.2
Former skeptics,distrust_post,-2
Former skeptics,donation_ams,0.09
Former skeptics,funding_perceptions,1.35
Former skeptics,inst_trust_mean,1.0499999999999998
Former skeptics,newsletter_signup,0.01
Former skeptics,policy_general,1.7999999999999998
Former skeptics,policy_role_mean,1.5
Former skeptics,policy_specific_mean,1.4500000000000002
Former skeptics,trust_multidimensional,2.05
Former skeptics,trust_post,2.1500000000000004
Funding,behavior_mean,0.3
Funding,belief_post,0.55
Funding,concern_mean,0.5
Funding,distrust_post,-2.2
Funding,donation_ams,0.045
Funding,funding_perceptions,4.8
Funding,inst_trust_mean,0.75
Funding,newsletter_signup,0.004
Funding,policy_general,0.6
Funding,policy_role_mean,-1.25
Funding,policy_specific_mean,0.5
Funding,trust_multidimensional,2.2
Funding,trust_post,2.2
High public trust,behavior_mean,0.35
High public trust,belief_post,0.75
High public trust,concern_mean,0.6000000000000001
High public trust,distrust_post,-1.65
High public trust,donation_ams,0.04
High public trust,funding_perceptions,0.5
High public trust,inst_trust_mean,0.55
High public trust,newsletter_signup,0.004
High public trust,policy_general,0.6000000000000001
High public trust,policy_role_mean,1.05
High public trust,policy_specific_mean,0.45
High public trust,trust_multidimensional,1.4
High public trust,trust_post,1.75
Interview Prof. Maraun,behavior_mean,0.275
Interview Prof. Maraun,belief_post,0.575
Interview Prof. Maraun,concern_mean,0.4
Interview Prof. Maraun,distrust_post,-2.075
Interview Prof. Maraun,donation_ams,0.04
Interview Prof. Maraun,funding_perceptions,1.075
Interview Prof. Maraun,inst_trust_mean,0.725
Interview Prof. Maraun,newsletter_signup,0.0045
Interview Prof. Maraun,policy_general,0.475
Interview Prof. Maraun,policy_role_mean,1.525
Interview Prof. Maraun,policy_specific_mean,0.375
Interview Prof. Maraun,trust_multidimensional,2.475
Interview Prof. Maraun,trust_post,2.075
Interview Prof. Sebille,behavior_mean,0.75
Interview Prof. Sebille,belief_post,1.4500000000000002
Interview Prof. Sebille,concern_mean,1.7
Interview Prof. Sebille,distrust_post,-2.1500000000000004
Interview Prof. Sebille,donation_ams,0.08
Interview Prof. Sebille,funding_perceptions,1.05
Interview Prof. Sebille,inst_trust_mean,0.8500000000000001
Interview Prof. Sebille,newsletter_signup,0.01
Interview Prof. Sebille,policy_general,1.3
Interview Prof. Sebille,policy_role_mean,2.05
Interview Prof. Sebille,policy_specific_mean,1.05
Interview Prof. Sebille,trust_multidimensional,2.7
Interview Prof. Sebille,trust_post,2.45
Measurement & modeling (1),behavior_mean,0.65
Measurement & modeling (1),belief_post,2
Measurement & modeling (1),concern_mean,1.25
Measurement & modeling (1),distrust_post,-2.5
Measurement & modeling (1),donation_ams,0.08499999999999999
Measurement & modeling (1),funding_perceptions,1.6
Measurement & modeling (1),inst_trust_mean,1.25
Measurement & modeling (1),newsletter_signup,0.0085
Measurement & modeling (1),policy_general,1.15
Measurement & modeling (1),policy_role_mean,1.85
Measurement & modeling (1),policy_specific_mean,0.95
Measurement & modeling (1),trust_multidimensional,2.65
Measurement & modeling (1),trust_post,2.55
Measurement & modeling (2),behavior_mean,0.1
Measurement & modeling (2),belief_post,0.6
Measurement & modeling (2),concern_mean,0.3
Measurement & modeling (2),distrust_post,-1.15
Measurement & modeling (2),donation_ams,0.045
Measurement & modeling (2),funding_perceptions,0.5
Measurement & modeling (2),inst_trust_mean,0.5
Measurement & modeling (2),newsletter_signup,0.0015
Measurement & modeling (2),policy_general,0.3
Measurement & modeling (2),policy_role_mean,0.8
Measurement & modeling (2),policy_specific_mean,0.2
Measurement & modeling (2),trust_multidimensional,1.5
Measurement & modeling (2),trust_post,1.4
Model accuracy,behavior_mean,0.65
Model accuracy,belief_post,2.3
Model accuracy,concern_mean,1.5
Model accuracy,distrust_post,-2.65
Model accuracy,donation_ams,0.06
Model accuracy,funding_perceptions,1.35
Model accuracy,inst_trust_mean,1.1
Model accuracy,newsletter_signup,0.006
Model accuracy,policy_general,1.3
Model accuracy,policy_role_mean,1.8
Model accuracy,policy_specific_mean,1
Model accuracy,trust_multidimensional,2.65
Model accuracy,trust_post,2.85
Oil industry misinformation,behavior_mean,1.2000000000000002
Oil industry misinformation,belief_post,3.35
Oil industry misinformation,concern_mean,2.65
Oil industry misinformation,distrust_post,-4.05
Oil industry misinformation,donation_ams,0.12
Oil industry misinformation,funding_perceptions,2
Oil industry misinformation,inst_trust_mean,1.6
Oil industry misinformation,newsletter_signup,0.0115
Oil industry misinformation,policy_general,2.35
Oil industry misinformation,policy_role_mean,3
Oil industry misinformation,policy_specific_mean,1.85
Oil industry misinformation,trust_multidimensional,3.9
Oil industry misinformation,trust_post,4.3
Peer-review,behavior_mean,0.4
Peer-review,belief_post,1.55
Peer-review,concern_mean,0.9
Peer-review,distrust_post,-2.3
Peer-review,donation_ams,0.05
Peer-review,funding_perceptions,0.75
Peer-review,inst_trust_mean,1.1
Peer-review,newsletter_signup,0.005
Peer-review,policy_general,0.8
Peer-review,policy_role_mean,1.2999999999999998
Peer-review,policy_specific_mean,0.65
Peer-review,trust_multidimensional,2.3
Peer-review,trust_post,2.5
Portrait Prof. Cherry,behavior_mean,0.375
Portrait Prof. Cherry,belief_post,0.625
Portrait Prof. Cherry,concern_mean,0.575
Portrait Prof. Cherry,distrust_post,-1.725
Portrait Prof. Cherry,donation_ams,0.05
Portrait Prof. Cherry,funding_perceptions,0.725
Portrait Prof. Cherry,inst_trust_mean,0.575
Portrait Prof. Cherry,newsletter_signup,0.0045
Portrait Prof. Cherry,policy_general,0.625
Portrait Prof. Cherry,policy_role_mean,1.775
Portrait Prof. Cherry,policy_specific_mean,0.525
Portrait Prof. Cherry,trust_multidimensional,1.925
Portrait Prof. Cherry,trust_post,1.775
Scientist community helpers,behavior_mean,0.75
Scientist community helpers,belief_post,1.2
Scientist community helpers,concern_mean,1.25
Scientist community helpers,distrust_post,-2.9
Scientist community helpers,donation_ams,0.095
Scientist community helpers,funding_perceptions,1.1
Scientist community helpers,inst_trust_mean,1.25
Scientist community helpers,newsletter_signup,0.011
Scientist community helpers,policy_general,1.2
Scientist community helpers,policy_role_mean,2.3
Scientist community helpers,policy_specific_mean,1
Scientist community helpers,trust_multidimensional,3.5
Scientist community helpers,trust_post,3.1
Social justice,behavior_mean,0.04999999999999999
Social justice,belief_post,0.55
Social justice,concern_mean,0.9
Social justice,distrust_post,-0.45
Social justice,donation_ams,0.02
Social justice,funding_perceptions,0.65
Social justice,inst_trust_mean,0.30000000000000004
Social justice,newsletter_signup,0.006
Social justice,policy_general,0.9
Social justice,policy_role_mean,1.05
Social justice,policy_specific_mean,0.5
Social justice,trust_multidimensional,0.65
Social justice,trust_post,0.6000000000000001
